30,30,
CellRegularS,CellRegularE,CellRegularE,CellRegular,CellRegularSE,CellPath,CellPath,CellPath,CellRegularSE,CellRegularE,CellExitE,CellRegularS,CellRegular,CellRegularS,CellRegularS,CellRegularE,CellRegularE,CellRegular,CellRegular,CellRegularSE,CellRegularE,CellRegularS,CellRegularE,CellRegular,CellRegularSE,CellRegularS,CellRegular,CellRegular,CellRegularS,CellRegular,
CellRegularE,CellRegular,CellRegularS,CellRegularS,CellRegularE,CellPathE,CellRegularSE,CellPathS,CellPathS,CellPathS,CellPathSE,CellRegular,CellRegularS,CellRegularSE,CellRegularE,CellRegularSE,CellRegularS,CellRegularSE,CellRegular,CellRegularE,CellRegularE,CellRegularS,CellRegular,CellRegularSE,CellRegularE,CellRegularS,CellRegularSE,CellRegularE,CellRegularE,CellRegular,
CellRegular,CellRegularE,CellRegular,CellRegularSE,CellRegularE,CellPathS,CellPathS,CellPath,CellRegularS,CellRegularSE,CellRegular,CellRegularSE,CellRegular,CellRegularS,CellRegularS,CellRegularE,CellRegular,CellRegularS,CellRegularSE,CellRegular,CellRegularS,CellRegularS,CellRegularE,CellRegularE,CellRegularE,CellRegular,CellRegularS,CellRegularSE,CellRegularS,CellRegularS,
CellRegularSE,CellRegularS,CellRegularS,CellRegularSE,CellRegularS,CellPath,CellPathS,CellPathSE,CellRegularE,CellRegular,CellRegularS,CellRegularS,CellRegularSE,CellRegularE,CellRegular,CellRegularS,CellRegularSE,CellRegular,CellRegularSE,CellRegularSE,CellRegular,CellRegularE,CellRegular,CellRegularS,CellRegularE,CellRegularE,CellRegular,CellRegularE,CellRegular,CellRegularS,
CellRegular,CellRegularE,CellRegularS,CellRegularE,CellRegularE,CellPathE,CellRegular,CellRegularS,CellRegularSE,CellRegularE,CellRegularE,CellRegular,CellRegularSE,CellRegular,CellRegular,CellRegularSE,CellRegularE,CellRegular,CellRegularE,CellRegular,CellRegularSE,CellRegular,CellRegularSE,CellRegularS,CellRegularS,CellRegularS,CellRegularSE,CellRegularSE,CellRegular,CellRegularS,
CellRegularE,CellRegularS,CellRegularE,CellRegular,CellRegularSE,CellPathS,CellPathS,CellPathS,CellPath,CellRegularSE,CellRegularE,CellRegular,CellRegularSE,CellRegularE,CellRegularS,CellRegular,CellRegularSE,CellRegularE,CellRegularS,CellRegular,CellRegularE,CellRegularSE,CellRegularS,CellRegularS,CellRegular,CellRegularE,CellRegularS,CellRegularE,CellRegular,CellRegularS,
CellRegularS,CellRegularSE,CellRegular,CellRegularE,CellRegular,CellRegularS,CellRegular,CellRegularSE,CellPath,CellPath,CellRegularS,CellRegularE,CellRegularE,CellRegularSE,CellRegularS,CellRegular,CellRegularSE,CellRegularE,CellRegular,CellRegularSE,CellRegularE,CellRegularS,CellRegularE,CellRegularS,CellRegularE,CellRegularS,CellRegularS,CellRegularS,CellRegular,CellRegular,
CellRegularS,CellRegularS,CellRegularE,CellRegularE,CellRegularE,CellRegular,CellRegularE,CellRegularS,CellRegularSE,CellPathS,CellPathE,CellRegular,CellRegularSE,CellRegularS,CellRegularE,CellRegular,CellRegularSE,CellRegularSE,CellRegularS,CellRegularSE,CellRegular,CellRegular,CellRegularS,CellRegularSE,CellRegular,CellRegularE,CellRegularS,CellRegularE,CellRegularE,CellRegularS,
CellRegular,CellRegularS,CellRegularE,CellRegularE,CellRegularSE,CellRegularE,CellRegular,CellRegularSE,CellRegularE,CellPath,CellPathSE,CellRegularSE,CellRegularE,CellRegularS,CellRegular,CellRegularS,CellRegularSE,CellRegular,CellRegular,CellRegularS,CellRegularSE,CellRegular,CellRegularE,CellRegularE,CellRegularE,CellRegularSE,CellRegularE,CellRegularE,CellRegular,CellRegularS,
CellRegularE,CellRegularE,CellRegularSE,CellRegularSE,CellRegularS,CellRegularSE,CellRegularE,CellRegularS,CellPath,CellPathS,CellRegularSE,CellRegular,CellRegularSE,CellRegularE,CellRegularSE,CellRegularE,CellRegularS,CellRegularSE,CellRegular,CellRegularSE,CellRegularS,CellRegularSE,CellRegularS,CellRegularS,CellRegular,CellRegularS,CellRegular,CellRegularE,CellRegularSE,CellRegular,
CellRegularS,CellRegularS,CellRegularS,CellRegularS,CellRegularS,CellRegularE,CellRegularS,CellRegularE,CellPathE,CellRegular,CellRegularS,CellRegularSE,CellRegular,CellRegularS,CellRegularS,CellRegularS,CellRegularE,CellRegularE,CellRegularSE,CellRegularE,CellRegular,CellRegularE,CellRegular,CellRegularSE,CellRegularE,CellRegularS,CellRegularE,CellRegularS,CellRegularS,CellRegularS,
CellRegular,CellRegularE,CellRegularS,CellRegularE,CellRegular,CellRegularSE,CellRegularS,CellRegularS,CellPathE,CellRegularS,CellRegularS,CellRegularS,CellRegularS,CellRegular,CellRegularSE,CellRegular,CellRegularSE,CellRegularS,CellRegularS,CellRegularS,CellRegularE,CellRegularS,CellRegularSE,CellRegularE,CellRegular,CellRegularE,CellRegularS,CellRegularE,CellRegular,CellRegularS,
CellRegularE,CellRegular,CellRegularSE,CellRegularE,CellRegularS,CellRegular,CellRegularE,CellRegularE,CellPathE,CellRegularS,CellRegularE,CellRegular,CellRegularE,CellRegularE,CellRegularS,CellRegularE,CellRegular,CellRegularSE,CellRegularE,CellRegularE,CellRegular,CellRegularS,CellRegularE,CellRegularE,CellRegularE,CellRegularS,CellRegularE,CellRegularS,CellRegular,CellRegular,
CellRegularE,CellRegularS,CellRegular,CellRegular,CellRegularS,CellRegularSE,CellRegularS,CellRegularE,CellPath,CellRegularE,CellRegularE,CellRegularSE,CellRegularS,CellRegularE,CellRegularS,CellRegularS,CellRegular,CellRegularE,CellRegular,CellRegularS,CellRegularSE,CellRegular,CellRegularS,CellRegularE,CellRegularSE,CellRegularS,CellRegularE,CellRegularS,CellRegularSE,CellRegularS,
CellRegular,CellRegularSE,CellRegularSE,CellRegularE,CellRegularS,CellRegular,CellRegularE,CellRegular,CellPathE,CellRegularS,CellRegularSE,CellRegularE,CellRegular,CellRegularSE,CellRegular,CellRegularSE,CellRegularSE,CellRegularS,CellRegularSE,CellRegularS,CellRegular,CellRegularSE,CellRegularE,CellRegularSE,CellRegular,CellRegularE,CellRegularS,CellRegularS,CellRegular,CellRegular,
CellRegularE,CellRegular,CellRegularS,CellRegularS,CellRegularS,CellRegularSE,CellRegularE,CellRegularSE,CellPathE,CellRegularS,CellRegularE,CellRegular,CellRegularSE,CellRegularE,CellRegular,CellRegularS,CellRegularSE,CellRegular,CellRegularSE,CellRegularS,CellRegularS,CellRegularSE,CellRegularS,CellRegularS,CellRegularSE,CellRegularE,CellRegularE,CellRegular,CellRegularSE,CellRegularS,
CellRegularE,CellRegularE,CellRegular,CellRegularSE,CellRegularS,CellRegularE,CellRegularSE,CellRegular,CellPathS,CellPathE,CellRegular,CellRegularSE,CellRegularS,CellRegularE,CellRegularS,CellRegularE,CellRegularE,CellRegularE,CellRegularE,CellRegular,CellRegularS,CellRegularSE,CellRegular,CellRegularS,CellRegularS,CellRegularSE,CellRegularE,CellRegularS,CellRegularS,CellRegularS,
CellRegularE,CellRegular,CellRegularS,CellRegular,CellRegularSE,CellRegular,CellRegularSE,CellRegularSE,CellRegularS,CellPathE,CellPath,CellPathE,CellRegularS,CellRegularS,CellRegularE,CellRegularS,CellRegular,CellRegularS,CellRegularS,CellRegular,CellRegular,CellRegularSE,CellRegularS,CellRegularE,CellRegular,CellRegularS,CellRegularE,CellRegular,CellRegularE,CellRegular,
CellRegularE,CellRegularS,CellRegularSE,CellRegularSE,CellRegular,CellRegularS,CellRegularS,CellRegularE,CellPath,CellPathSE,CellPathE,CellPathS,CellPathS,CellPathE,CellRegularE,CellRegularS,CellRegular,CellRegular,CellRegularE,CellRegularSE,CellRegularS,CellRegular,CellRegularE,CellRegularS,CellRegularE,CellRegularS,CellRegularS,CellRegularE,CellRegularE,CellRegular,
CellRegular,CellRegularS,CellRegularS,CellRegularS,CellRegularE,CellRegular,CellRegularS,CellRegularE,CellPathS,CellPathS,CellPathS,CellRegularS,CellRegularE,CellPathS,CellPath,CellRegularSE,CellRegularE,CellRegularSE,CellRegular,CellRegularSE,CellRegularE,CellRegularE,CellRegularSE,CellRegularS,CellRegularE,CellRegular,CellRegularSE,CellRegularSE,CellRegularS,CellRegular,
CellRegularS,CellRegular,CellRegularSE,CellRegularS,CellRegularSE,CellRegularE,CellRegular,CellRegularSE,CellRegularE,CellRegular,CellRegularS,CellRegularSE,CellRegularSE,CellPath,CellPathS,CellRegularSE,CellRegularS,CellRegularE,CellRegularS,CellRegularSE,CellRegularE,CellRegularSE,CellRegularS,CellRegular,CellRegularS,CellRegularSE,CellRegularE,CellRegular,CellRegularSE,CellRegular,
CellRegularE,CellRegularSE,CellRegularE,CellRegularS,CellRegularS,CellRegularSE,CellRegularS,CellRegularS,CellRegular,CellRegularE,CellRegularS,CellRegularE,CellRegularS,CellPathE,CellPath,CellPathS,CellPath,CellPathS,CellPath,CellRegularSE,CellRegularE,CellRegularE,CellRegular,CellRegularS,CellRegular,CellRegular,CellRegularSE,CellRegularS,CellRegular,CellRegularS,
CellRegular,CellRegularS,CellRegularE,CellRegular,CellRegularS,CellRegularS,CellRegularSE,CellRegular,CellRegularSE,CellRegularS,CellRegularSE,CellRegularS,CellRegularS,CellPath,CellPathE,CellRegularS,CellRegularSE,CellRegular,CellPath,CellRegularS,CellRegularSE,CellRegularE,CellRegularSE,CellRegularE,CellRegularE,CellRegularE,CellRegularE,CellRegular,CellRegularSE,CellRegular,
CellRegular,CellRegularSE,CellRegularS,CellRegular,CellRegularS,CellRegularS,CellRegularSE,CellRegular,CellRegularS,CellRegularE,CellRegularE,CellRegularE,CellRegularE,CellRegularE,CellRegularS,CellRegularSE,CellRegularE,CellRegularSE,CellPath,CellPathE,CellRegular,CellRegular,CellRegular,CellRegularE,CellRegularSE,CellRegularE,CellRegularE,CellRegular,CellRegularS,CellRegular,
CellRegularSE,CellRegularS,CellRegularS,CellRegular,CellRegularS,CellRegular,CellRegularE,CellRegularS,CellRegularE,CellRegularS,CellRegularE,CellRegular,CellRegularSE,CellRegularSE,CellRegular,CellRegularS,CellRegular,CellRegularSE,CellRegularSE,CellPathE,CellRegularSE,CellRegularE,CellRegularSE,CellRegularSE,CellRegular,CellRegularSE,CellRegularE,CellRegularS,CellRegularE,CellRegular,
CellRegular,CellRegularS,CellRegularS,CellRegularS,CellRegularSE,CellRegularSE,CellRegularE,CellRegularE,CellRegularE,CellRegular,CellRegularE,CellRegularS,CellRegular,CellRegularSE,CellRegularS,CellRegularE,CellRegularE,CellRegularS,CellRegularS,CellPath,CellRegularSE,CellRegular,CellRegularSE,CellRegularE,CellRegularSE,CellRegular,CellRegularS,CellRegularS,CellRegularSE,CellRegular,
CellRegularE,CellRegular,CellRegularSE,CellRegularE,CellRegularS,CellRegularS,CellRegularS,CellRegularS,CellRegularSE,CellRegularE,CellRegularE,CellRegularS,CellRegularE,CellRegularS,CellRegular,CellRegularSE,CellRegularS,CellRegularSE,CellRegularE,CellPathE,CellRegularS,CellRegular,CellRegularSE,CellRegularE,CellRegularE,CellRegularSE,CellRegularS,CellRegularE,CellRegularS,CellRegular,
CellRegularS,CellRegular,CellRegularS,CellRegularS,CellRegularE,CellRegularE,CellRegularE,CellRegular,CellRegularE,CellRegularSE,CellRegular,CellRegular,CellRegularE,CellRegularE,CellRegularS,CellRegularE,CellRegularE,CellRegularS,CellRegularE,CellPathS,CellPathS,CellPath,CellRegularSE,CellRegular,CellRegularS,CellRegularS,CellRegular,CellRegularSE,CellRegularS,CellRegular,
CellRegular,CellRegularE,CellRegularS,CellRegularS,CellRegular,CellRegularS,CellRegularSE,CellRegularE,CellRegular,CellRegularE,CellRegularSE,CellRegularE,CellRegular,CellRegularS,CellRegularE,CellRegular,CellRegularSE,CellRegular,CellRegularSE,CellRegularE,CellRegularS,CellPath,CellPathS,CellPath,CellPath,CellRegularSE,CellRegular,CellRegularS,CellRegular,CellRegularS,
CellRegularE,CellRegular,CellRegularE,CellRegular,CellRegularE,CellRegular,CellRegular,CellRegularE,CellRegularE,CellRegular,CellRegular,CellRegularE,CellRegular,CellRegularE,CellRegularE,CellRegular,CellRegular,CellRegular,CellRegular,CellRegular,CellRegular,CellRegular,CellRegularE,CellRegularE,CellEntranceE,CellRegular,CellRegular,CellRegularE,CellRegular,CellRegular,